CLASS,TAXNAME,GRIDREF,LatDec,LongDec,
A,Heliophila acuminata,2430CC,24.875,30.125,
A,Heliophila acuminata,3118BD,31.375,18.875,
A,Heliophila acuminata,3119AC,31.375,19.125,
A,Heliophila acuminata,3119BD,31.375,19.875,
A,Heliophila acuminata,3120CA,31.625,20.125,
A,Heliophila acuminata,3218AB,32.125,18.375,
A,Heliophila acuminata,3218BD,32.375,18.875,
A,Heliophila acuminata,3218DB,32.625,18.875,
A,Heliophila acuminata,3218DC,32.875,18.625,
A,Heliophila acuminata,3218DD,32.875,18.875,
A,Heliophila acuminata,3220AD,32.375,20.375,
A,Heliophila acuminata,3318AA,33.125,18.125,
A,Heliophila acuminata,3318AD,33.375,18.375,
A,Heliophila acuminata,3318BA,33.125,18.625,
A,Heliophila acuminata,3318BB,33.125,18.875,
A,Heliophila acuminata,3318BC,33.375,18.625,
A,Heliophila acuminata,3318DB,33.625,18.875,
A,Heliophila acuminata,3319DA,33.625,19.625,
A,Heliophila acuminata,3319DC,33.875,19.625,
A,Heliophila acuminata,3418AD,34.375,18.375,
A,Heliophila africana,3017DA,30.625,17.625,
A,Heliophila africana,3030CC,30.875,30.125,
A,Heliophila africana,3118BC,31.375,18.625,
A,Heliophila africana,3118DB,31.625,18.875,
A,Heliophila africana,3217DD,32.875,17.875,
A,Heliophila africana,3218AB,32.125,18.375,
A,Heliophila africana,3218BA,32.125,18.625,
A,Heliophila africana,3218BB,32.125,18.875,
A,Heliophila africana,3218BD,32.375,18.875,
A,Heliophila africana,3218CB,32.625,18.375,
A,Heliophila africana,3218DC,32.875,18.625,
A,Heliophila africana,3219AA,32.125,19.125,
A,Heliophila africana,3219AC,32.375,19.125,
A,Heliophila africana,3219CA,32.625,19.125,
A,Heliophila africana,3219DC,32.875,19.625,
A,Heliophila africana,33128CB7,33.86257,12.83757,
A,Heliophila africana,3317BB,33.125,17.875,
A,Heliophila africana,3318AA,33.125,18.125,
A,Heliophila africana,3318AB,33.125,18.375,
A,Heliophila africana,3318AC,33.375,18.125,
A,Heliophila africana,3318AD,33.375,18.375,
A,Heliophila africana,3318BC,33.375,18.625,
A,Heliophila africana,3318CB,33.625,18.375,
A,Heliophila africana,3318CB17,33.62517,18.37517,
A,Heliophila africana,3318CB7,33.6257,18.3757,
A,Heliophila africana,3318CD,33.875,18.375,
A,Heliophila africana,3318DA,33.625,18.625,
A,Heliophila africana,3318DB,33.625,18.875,
A,Heliophila africana,3318DC,33.875,18.625,
A,Heliophila africana,3318DC18,33.87518,18.62518,
A,Heliophila africana,3318DD,33.875,18.875,
A,Heliophila africana,3319AC,33.375,19.125,
A,Heliophila africana,3319AD,33.375,19.375,
A,Heliophila africana,3319CA,33.625,19.125,
A,Heliophila africana,3319CB,33.625,19.375,
A,Heliophila africana,3319DA,33.625,19.625,
A,Heliophila africana,3319DD,33.875,19.875,
A,Heliophila africana,3322CD,33.875,22.375,
A,Heliophila africana,3322DC,33.875,22.625,
A,Heliophila africana,3418AB,34.125,18.375,
A,Heliophila africana,3418AD,34.375,18.375,
A,Heliophila africana,3418BA,34.125,18.625,
A,Heliophila africana,3418BA,34.125,18.625,
A,Heliophila africana,3418BB,34.125,18.875,
A,Heliophila africana,3419AC,34.375,19.125,
A,Heliophila africana,3419DA,34.625,19.625,
A,Heliophila africana,3420AA,34.125,20.125,
A,Heliophila africana,3420AB,34.125,20.375,
A,Heliophila africana,3420AD,34.375,20.375,
A,Heliophila africana,3420BB,34.125,20.875,
A,Heliophila africana,3420BD,34.375,20.875,
A,Heliophila africana,3420CA,34.625,20.125,
A,Heliophila africana,3420CB,34.625,20.375,
A,Heliophila africana,3420CC,34.875,20.125,
A,Heliophila africana,3421AC,34.375,21.125,
A,Heliophila africana,3421AD,34.375,21.375,
A,Heliophila africana,3421BC,34.375,21.625,
A,Heliophila africana,3422AA,34.125,22.125,
A,Heliophila africana,3422BB,34.125,22.875,
A,Heliophila amplexicaulis,2917BC,29.375,17.625,
A,Heliophila amplexicaulis,2917DA,29.625,17.625,
A,Heliophila amplexicaulis,2917DB,29.625,17.875,
A,Heliophila amplexicaulis,2917DC,29.875,17.625,
A,Heliophila amplexicaulis,2917DD,29.875,17.875,
A,Heliophila amplexicaulis,2918CA,29.625,18.125,
A,Heliophila amplexicaulis,3017BB,30.125,17.875,
A,Heliophila amplexicaulis,3017BD,30.375,17.875,
A,Heliophila amplexicaulis,3017DB,30.625,17.875,
A,Heliophila amplexicaulis,3018AB,30.125,18.375,
A,Heliophila amplexicaulis,3018AC,30.375,18.125,
A,Heliophila amplexicaulis,3018CA,30.625,18.125,
A,Heliophila amplexicaulis,3018CC,30.875,18.125,
A,Heliophila amplexicaulis,3018CD,30.875,18.375,
A,Heliophila amplexicaulis,3019CA,30.625,19.125,
A,Heliophila amplexicaulis,3118AA,31.125,18.125,
A,Heliophila amplexicaulis,3118BB,31.125,18.875,
A,Heliophila amplexicaulis,3118DC,31.875,18.625,
A,Heliophila amplexicaulis,3119AC,31.375,19.125,
A,Heliophila amplexicaulis,3119AD,31.375,19.375,
A,Heliophila amplexicaulis,3119BD,31.375,19.875,
A,Heliophila amplexicaulis,3119CA,31.625,19.125,
A,Heliophila amplexicaulis,3119CC,31.875,19.125,
A,Heliophila amplexicaulis,3119CD,31.875,19.375,
A,Heliophila amplexicaulis,3217DD,32.875,17.875,
A,Heliophila amplexicaulis,3218BB,32.125,18.875,
A,Heliophila amplexicaulis,3218BC,32.375,18.625,
A,Heliophila amplexicaulis,3218DA,32.625,18.625,
A,Heliophila amplexicaulis,3219AC,32.375,19.125,
A,Heliophila amplexicaulis,3220AA,32.125,20.125,
A,Heliophila amplexicaulis,3220AC,32.375,20.125,
A,Heliophila amplexicaulis,3220CB,32.625,20.375,
A,Heliophila amplexicaulis,3220CD,32.875,20.375,
A,Heliophila amplexicaulis,3220DC,32.875,20.625,
A,Heliophila amplexicaulis,3317BB,33.125,17.875,
A,Heliophila amplexicaulis,3320AC,33.375,20.125,
A,Heliophila amplexicaulis,3320BA,33.125,20.625,
A,Heliophila amplexicaulis,3320DD,33.875,20.875,
A,Heliophila amplexicaulis,3418AD,34.375,18.375,
A,Heliophila amplexicaulis,3418BB,34.125,18.875,
A,Heliophila amplexicaulis,3418BD,34.375,18.875,
A,Heliophila arenaria,3017AD,30.375,17.375,
A,Heliophila arenaria,3017BA,30.125,17.625,
A,Heliophila arenaria,3017BD,30.375,17.875,
A,Heliophila arenaria,3017DC,30.875,17.625,
A,Heliophila arenaria,3018AA,30.125,18.125,
A,Heliophila arenaria,3018AC,30.375,18.125,
A,Heliophila arenaria,3117BD,31.375,17.875,
A,Heliophila arenaria,3118AB,31.125,18.375,
A,Heliophila arenaria,3118BB,31.125,18.875,
A,Heliophila arenaria,3118BC,31.375,18.625,
A,Heliophila arenaria,3118CB,31.625,18.375,
A,Heliophila arenaria,3118DA,31.625,18.625,
A,Heliophila arenaria,3118DB,31.625,18.875,
A,Heliophila arenaria,3118DC,31.875,18.625,
A,Heliophila arenaria,3119AB,31.125,19.375,
A,Heliophila arenaria,3119AC,31.375,19.125,
A,Heliophila arenaria,3119CA,31.625,19.125,
A,Heliophila arenaria,3119CD,31.875,19.375,
A,Heliophila arenaria,3217DD,32.875,17.875,
A,Heliophila arenaria,3218AB,32.125,18.375,
A,Heliophila arenaria,3218BB,32.125,18.875,
A,Heliophila arenaria,3219AA,32.125,19.125,
A,Heliophila arenaria,3318DA,33.625,18.625,
P,Heliophila carnosa,2530AC,25.375,30.125,
P,Heliophila carnosa,2531CC,25.875,31.125,
P,Heliophila carnosa,2628AA,26.125,28.125,
P,Heliophila carnosa,2628AD,26.375,28.375,
P,Heliophila carnosa,2628CA,26.625,28.125,
P,Heliophila carnosa,2629BB,26.125,29.875,
P,Heliophila carnosa,2730AC,27.375,30.125,
P,Heliophila carnosa,2730AD,27.375,30.375,
P,Heliophila carnosa,2816BD,28.375,16.875,
P,Heliophila carnosa,2816DC,28.875,16.625,
P,Heliophila carnosa,2817AA,28.125,17.125,
P,Heliophila carnosa,2817AC,28.375,17.125,
P,Heliophila carnosa,2820DB,28.625,20.875,
P,Heliophila carnosa,2827AC,28.375,27.125,
P,Heliophila carnosa,2828AB,28.125,28.375,
P,Heliophila carnosa,2828BC,28.375,28.625,
P,Heliophila carnosa,2828CA,28.625,28.125,
P,Heliophila carnosa,2828CB,28.625,28.375,
P,Heliophila carnosa,2828CC,28.875,28.125,
P,Heliophila carnosa,2828DB,28.625,28.875,
P,Heliophila carnosa,2829AC,28.375,29.125,
P,Heliophila carnosa,2829AD,28.375,29.375,
P,Heliophila carnosa,2917AA,29.125,17.125,
P,Heliophila carnosa,2917DB,29.625,17.875,
P,Heliophila carnosa,2918BB,29.125,18.875,
P,Heliophila carnosa,2919AA,29.125,19.125,
P,Heliophila carnosa,2925CB,29.625,25.375,
P,Heliophila carnosa,2926AA,29.125,26.125,
P,Heliophila carnosa,2927AB,29.125,27.375,
P,Heliophila carnosa,2927AD,29.375,27.375,
P,Heliophila carnosa,2929BC,29.375,29.625,
P,Heliophila carnosa,2929CB,29.625,29.375,
P,Heliophila carnosa,2929CC,29.875,29.125,
P,Heliophila carnosa,3018AC,30.375,18.125,
P,Heliophila carnosa,3018CA,30.625,18.125,
P,Heliophila carnosa,3019DD,30.875,19.875,
P,Heliophila carnosa,3024DB,30.625,24.875,
P,Heliophila carnosa,3025BA,30.125,25.625,
P,Heliophila carnosa,3025BD,30.375,25.875,
P,Heliophila carnosa,3026DA,30.625,26.625,
P,Heliophila carnosa,3027CD,30.875,27.375,
P,Heliophila carnosa,3027DA,30.625,27.625,
P,Heliophila carnosa,3027DC,30.875,27.625,
P,Heliophila carnosa,3028AD,30.375,28.375,
P,Heliophila carnosa,3028BA,30.125,28.625,
P,Heliophila carnosa,3028CC,30.875,28.125,
P,Heliophila carnosa,3029AC,30.375,29.125,
P,Heliophila carnosa,3118AA,31.125,18.125,
P,Heliophila carnosa,3119BC,31.375,19.625,
P,Heliophila carnosa,3119BD,31.375,19.875,
P,Heliophila carnosa,3119CA,31.625,19.125,
P,Heliophila carnosa,3119CB,31.625,19.375,
P,Heliophila carnosa,3119DA,31.625,19.625,
P,Heliophila carnosa,3119DB,31.625,19.875,
P,Heliophila carnosa,3119DD,31.875,19.875,
P,Heliophila carnosa,3120AD,31.375,20.375,
P,Heliophila carnosa,3120BC,31.375,20.625,
P,Heliophila carnosa,3120CC,31.875,20.125,
P,Heliophila carnosa,3120CD,31.875,20.375,
P,Heliophila carnosa,3120DB,31.625,20.875,
P,Heliophila carnosa,3121CA,31.625,21.125,
P,Heliophila carnosa,3121CB,31.625,21.375,
P,Heliophila carnosa,3121DD,31.875,21.875,
P,Heliophila carnosa,3124AB,31.125,24.375,
P,Heliophila carnosa,3124BC,31.375,24.625,
P,Heliophila carnosa,3124BD,31.375,24.875,
P,Heliophila carnosa,3124DA,31.625,24.625,
P,Heliophila carnosa,3124DB,31.625,24.875,
P,Heliophila carnosa,3125AA,31.125,25.125,
P,Heliophila carnosa,3125AC,31.375,25.125,
P,Heliophila carnosa,3125AD,31.375,25.375,
P,Heliophila carnosa,3126AD,31.375,26.375,
P,Heliophila carnosa,3126CC,31.875,26.125,
P,Heliophila carnosa,3127AD,31.375,27.375,
P,Heliophila carnosa,3127BA,31.125,27.625,
P,Heliophila carnosa,3218AB,32.125,18.375,
P,Heliophila carnosa,3218BB,32.125,18.875,
P,Heliophila carnosa,3219AC,32.375,19.125,
P,Heliophila carnosa,3219AC06,32.37506,19.12506,
P,Heliophila carnosa,3219BC,32.375,19.625,
P,Heliophila carnosa,3219CB,32.625,19.375,
P,Heliophila carnosa,3219DC,32.875,19.625,
P,Heliophila carnosa,3220AA,32.125,20.125,
P,Heliophila carnosa,3220AD,32.375,20.375,
P,Heliophila carnosa,3220BC,32.375,20.625,
P,Heliophila carnosa,3220CB,32.625,20.375,
P,Heliophila carnosa,3220CC,32.875,20.125,
P,Heliophila carnosa,3220DB,32.625,20.875,
P,Heliophila carnosa,3220DC,32.875,20.625,
P,Heliophila carnosa,3222BA,32.125,22.625,
P,Heliophila carnosa,3222BC,32.375,22.625,
P,Heliophila carnosa,3223BB,32.125,23.875,
P,Heliophila carnosa,3224AA,32.125,24.125,
P,Heliophila carnosa,3224BC,32.375,24.625,
P,Heliophila carnosa,3225AA,32.125,25.125,
P,Heliophila carnosa,3225BB,32.125,25.875,
P,Heliophila carnosa,3319AB,33.125,19.375,
P,Heliophila carnosa,3319AC,33.375,19.125,
P,Heliophila carnosa,3319AD,33.375,19.375,
P,Heliophila carnosa,3319BA,33.125,19.625,
P,Heliophila carnosa,3319BD,33.375,19.875,
P,Heliophila carnosa,3319CB,33.625,19.375,
P,Heliophila carnosa,3319CD,33.875,19.375,
P,Heliophila carnosa,3320AB,33.125,20.375,
P,Heliophila carnosa,3320BA,33.125,20.625,
P,Heliophila carnosa,3320BB,33.125,20.875,
P,Heliophila carnosa,3320DB,33.625,20.875,
P,Heliophila carnosa,3321CB,33.625,21.375,
P,Heliophila carnosa,3321DA,33.625,21.625,
P,Heliophila carnosa,3324CB,33.625,24.375,
P,Heliophila carnosa,3326DA,33.625,26.625,
P,Heliophila carnosa,3418AD,34.375,18.375,
P,Heliophila carnosa,3420BB,34.125,20.875,
P,Heliophila cedarbergensis,3219AC,32.375,19.125,
P,Heliophila cedarbergensis,3219AD,32.375,19.375,
A,Heliophila collina,3118BB,31.125,18.875,
A,Heliophila collina,3119AC,31.375,19.125,
A,Heliophila collina,3119AD,31.375,19.375,
A,Heliophila collina,3119BC,31.375,19.625,
A,Heliophila collina,3119BD,31.375,19.875,
A,Heliophila collina,3119CA,31.625,19.125,
A,Heliophila collina,3119DA,31.625,19.625,
A,Heliophila cornellsbergia,2817AC,28.375,17.125,
A,Heliophila cornellsbergia,2817CA,28.625,17.125,
A,Heliophila cornellsbergia,3318AD,33.375,18.375,
A,Heliophila cornuta,2817CA,28.625,17.125,
A,Heliophila cornuta,2917BA,29.125,17.625,
A,Heliophila cornuta,2917BC,29.375,17.625,
A,Heliophila cornuta,2917BD,29.375,17.875,
A,Heliophila cornuta,2917DA,29.625,17.625,
A,Heliophila cornuta,2917DB,29.625,17.875,
A,Heliophila cornuta,2917DC,29.875,17.625,
A,Heliophila cornuta,3017BB,30.125,17.875,
A,Heliophila cornuta,3017DD,30.875,17.875,
A,Heliophila cornuta,3018AC,30.375,18.125,
A,Heliophila cornuta,3118BC,31.375,18.625,
A,Heliophila cornuta,3118CD,31.875,18.375,
A,Heliophila cornuta,3118DA,31.625,18.625,
A,Heliophila cornuta,3118DD,31.875,18.875,
A,Heliophila cornuta,3119AD,31.375,19.375,
A,Heliophila cornuta,3119BC,31.375,19.625,
A,Heliophila cornuta,3119BD,31.375,19.875,
A,Heliophila cornuta,3119CA,31.625,19.125,
A,Heliophila cornuta,3119CB,31.625,19.375,
A,Heliophila cornuta,3119CD,31.875,19.375,
A,Heliophila cornuta,3218AD,32.375,18.375,
A,Heliophila cornuta,3218BA,32.125,18.625,
A,Heliophila cornuta,3218BB,32.125,18.875,
A,Heliophila cornuta,3218BD,32.375,18.875,
A,Heliophila cornuta,3218CB,32.625,18.375,
A,Heliophila cornuta,3218CD,32.875,18.375,
A,Heliophila cornuta,3218DB,32.625,18.875,
A,Heliophila cornuta,3219AD,32.375,19.375,
A,Heliophila cornuta,3219CA,32.625,19.125,
A,Heliophila cornuta,3219DC,32.875,19.625,
A,Heliophila cornuta,3220AA,32.125,20.125,
A,Heliophila cornuta,3220CB,32.625,20.375,
A,Heliophila cornuta,3220CC,32.875,20.125,
A,Heliophila cornuta,3220CD,32.875,20.375,
A,Heliophila cornuta,3220DC,32.875,20.625,
A,Heliophila cornuta,3221CA,32.625,21.125,
A,Heliophila cornuta,3221CB,32.625,21.375,
A,Heliophila cornuta,3221CC,32.875,21.125,
A,Heliophila cornuta,3225AB,32.125,25.375,
A,Heliophila cornuta,3318DA1,33.6251,18.6251,
A,Heliophila cornuta,3319AC,33.375,19.125,
A,Heliophila cornuta,3319BC,33.375,19.625,
A,Heliophila cornuta,3319BD,33.375,19.875,
A,Heliophila cornuta,3319DB,33.625,19.875,
A,Heliophila cornuta,3320AA,33.125,20.125,
A,Heliophila cornuta,3320AC,33.375,20.125,
A,Heliophila cornuta,3320BA,33.125,20.625,
A,Heliophila cornuta,3320BD,33.375,20.875,
A,Heliophila cornuta,3320CB,33.625,20.375,
A,Heliophila cornuta,3320CC,33.875,20.125,
A,Heliophila cornuta,3320CD,33.875,20.375,
A,Heliophila cornuta,3320DC,33.875,20.625,
A,Heliophila cornuta,3321AD,33.375,21.375,
A,Heliophila cornuta,3321CB,33.625,21.375,
A,Heliophila cornuta,3321CC,33.875,21.125,
A,Heliophila cornuta,3321DB,33.625,21.875,
A,Heliophila cornuta,3321DD,33.875,21.875,
A,Heliophila cornuta,3322BC,33.375,22.625,
A,Heliophila cornuta,3322CA,33.625,22.125,
A,Heliophila cornuta,3322CB,33.625,22.375,
A,Heliophila cornuta,3322DA,33.625,22.625,
A,Heliophila cornuta,3323CA,33.625,23.125,
A,Heliophila cornuta,3420AD,34.375,20.375,
A,Heliophila cornuta,3421AB,34.125,21.375,
A,Heliophila cornuta,3421AD,34.375,21.375,
A,Heliophila cornuta,3421BA,34.125,21.625,
A,Heliophila coronopifolia,3017AD,30.375,17.375,
A,Heliophila coronopifolia,3118DA,31.625,18.625,
A,Heliophila coronopifolia,3118DC,31.875,18.625,
A,Heliophila coronopifolia,3119AB,31.125,19.375,
A,Heliophila coronopifolia,3119CA,31.625,19.125,
A,Heliophila coronopifolia,3217DD,32.875,17.875,
A,Heliophila coronopifolia,3218BB,32.125,18.875,
A,Heliophila coronopifolia,3218CA,32.625,18.125,
A,Heliophila coronopifolia,3218CB,32.625,18.375,
A,Heliophila coronopifolia,3218CD,32.875,18.375,
A,Heliophila coronopifolia,3218DA,32.625,18.625,
A,Heliophila coronopifolia,3218DC,32.875,18.625,
A,Heliophila coronopifolia,3218DD,32.875,18.875,
A,Heliophila coronopifolia,3219AA,32.125,19.125,
A,Heliophila coronopifolia,3219AD,32.375,19.375,
A,Heliophila coronopifolia,3219DC,32.875,19.625,
A,Heliophila coronopifolia,3318AA,33.125,18.125,
A,Heliophila coronopifolia,3318AB,33.125,18.375,
A,Heliophila coronopifolia,3318AD,33.375,18.375,
A,Heliophila coronopifolia,3318BC,33.375,18.625,
A,Heliophila coronopifolia,3318CB,33.625,18.375,
A,Heliophila coronopifolia,3318CD,33.875,18.375,
A,Heliophila coronopifolia,3318CD,33.875,18.375,
A,Heliophila coronopifolia,3318DA,33.625,18.625,
A,Heliophila coronopifolia,3318DB,33.625,18.875,
A,Heliophila coronopifolia,3318DC,33.875,18.625,
A,Heliophila coronopifolia,3326BC,33.375,26.625,
A,Heliophila coronopifolia,3418AB,34.125,18.375,
A,Heliophila coronopifolia,3418AD,34.375,18.375,
A,Heliophila coronopifolia,3418BA,34.125,18.625,
A,Heliophila coronopifolia,3418BB,34.125,18.875,
A,Heliophila coronopifolia,3421AD,34.375,21.375,
A,Heliophila crithmifolia,2816BD,28.375,16.875,
A,Heliophila crithmifolia,2817CA,28.625,17.125,
A,Heliophila crithmifolia,2817CB,28.625,17.375,
A,Heliophila crithmifolia,2818CD,28.875,18.375,
A,Heliophila crithmifolia,2818DD,28.875,18.875,
A,Heliophila crithmifolia,2917AA,29.125,17.125,
A,Heliophila crithmifolia,2917BA,29.125,17.625,
A,Heliophila crithmifolia,2917BC,29.375,17.625,
A,Heliophila crithmifolia,2917BD,29.375,17.875,
A,Heliophila crithmifolia,2917DA,29.625,17.625,
A,Heliophila crithmifolia,2917DB,29.625,17.875,
A,Heliophila crithmifolia,2925CD,29.875,25.375,
A,Heliophila crithmifolia,3017AB,30.125,17.375,
A,Heliophila crithmifolia,3017BB,30.125,17.875,
A,Heliophila crithmifolia,3017BD,30.375,17.875,
A,Heliophila crithmifolia,3022DA,30.625,22.625,
A,Heliophila crithmifolia,3118AD,31.375,18.375,
A,Heliophila crithmifolia,3118DA,31.625,18.625,
A,Heliophila crithmifolia,3118DB,31.625,18.875,
A,Heliophila crithmifolia,3118DC,31.875,18.625,
A,Heliophila crithmifolia,3119AB,31.125,19.375,
A,Heliophila crithmifolia,3119AC,31.375,19.125,
A,Heliophila crithmifolia,3119AD,31.375,19.375,
A,Heliophila crithmifolia,3119BB,31.125,19.875,
A,Heliophila crithmifolia,3119BC,31.375,19.625,
A,Heliophila crithmifolia,3119BD,31.375,19.875,
A,Heliophila crithmifolia,3119CA,31.625,19.125,
A,Heliophila crithmifolia,3119CB,31.625,19.375,
A,Heliophila crithmifolia,3119DA,31.625,19.625,
A,Heliophila crithmifolia,3119DB,31.625,19.875,
A,Heliophila crithmifolia,3119DD,31.875,19.875,
A,Heliophila crithmifolia,3120AC,31.375,20.125,
A,Heliophila crithmifolia,3120BC,31.375,20.625,
A,Heliophila crithmifolia,3120CA,31.625,20.125,
A,Heliophila crithmifolia,3120CC,31.875,20.125,
A,Heliophila crithmifolia,3120CD,31.875,20.375,
A,Heliophila crithmifolia,3120DC,31.875,20.625,
A,Heliophila crithmifolia,3121CD,31.875,21.375,
A,Heliophila crithmifolia,3123AC,31.375,23.125,
A,Heliophila crithmifolia,3123BA,31.125,23.625,
A,Heliophila crithmifolia,3123CA,31.625,23.125,
A,Heliophila crithmifolia,3218BB,32.125,18.875,
A,Heliophila crithmifolia,3218BD,32.375,18.875,
A,Heliophila crithmifolia,3218DC,32.875,18.625,
A,Heliophila crithmifolia,3219BA,32.125,19.625,
A,Heliophila crithmifolia,3219BB,32.125,19.875,
A,Heliophila crithmifolia,3219CB,32.625,19.375,
A,Heliophila crithmifolia,3219DC,32.875,19.625,
A,Heliophila crithmifolia,3219DD,32.875,19.875,
A,Heliophila crithmifolia,3220AA,32.125,20.125,
A,Heliophila crithmifolia,3220AC,32.375,20.125,
A,Heliophila crithmifolia,3220AD,32.375,20.375,
A,Heliophila crithmifolia,3220BA,32.125,20.625,
A,Heliophila crithmifolia,3220BC,32.375,20.625,
A,Heliophila crithmifolia,3220CB,32.625,20.375,
A,Heliophila crithmifolia,3220DA,32.625,20.625,
A,Heliophila crithmifolia,3220DB,32.625,20.875,
A,Heliophila crithmifolia,3220DC,32.875,20.625,
A,Heliophila crithmifolia,3221AA,32.125,21.125,
A,Heliophila crithmifolia,3221BB,32.125,21.875,
A,Heliophila crithmifolia,3222BA,32.125,22.625,
A,Heliophila crithmifolia,3222BB,32.125,22.875,
A,Heliophila crithmifolia,3222CD,32.875,22.375,
A,Heliophila crithmifolia,3222DB,32.625,22.875,
A,Heliophila crithmifolia,3223CA,32.625,23.125,
A,Heliophila crithmifolia,3318BA,33.125,18.625,
A,Heliophila crithmifolia,3318BB,33.125,18.875,
A,Heliophila crithmifolia,3319AC,33.375,19.125,
A,Heliophila crithmifolia,3319AD,33.375,19.375,
A,Heliophila crithmifolia,3319BB,33.125,19.875,
A,Heliophila crithmifolia,3319BC,33.375,19.625,
A,Heliophila crithmifolia,3319CB,33.625,19.375,
A,Heliophila crithmifolia,3319CD,33.875,19.375,
A,Heliophila crithmifolia,3319DD,33.875,19.875,
A,Heliophila crithmifolia,3320AB,33.125,20.375,
A,Heliophila crithmifolia,3320BA,33.125,20.625,
A,Heliophila crithmifolia,3320BC,33.375,20.625,
A,Heliophila crithmifolia,3320BD,33.375,20.875,
A,Heliophila crithmifolia,3320CA,33.625,20.125,
A,Heliophila crithmifolia,3320CD,33.875,20.375,
A,Heliophila crithmifolia,3320DB,33.625,20.875,
A,Heliophila crithmifolia,3321CA,33.625,21.125,
A,Heliophila crithmifolia,3321CB,33.625,21.375,
A,Heliophila crithmifolia,3322AB,33.125,22.375,
A,Heliophila crithmifolia,3322CB,33.625,22.375,
A,Heliophila crithmifolia,3322CC,33.875,22.125,
A,Heliophila crithmifolia,3322DA,33.625,22.625,
A,Heliophila crithmifolia,3323AC,33.375,23.125,
A,Heliophila crithmifolia,3323AD,33.375,23.375,
A,Heliophila crithmifolia,3323CA,33.625,23.125,
A,Heliophila descurva,3119AC,31.375,19.125,
A,Heliophila descurva,3119CA,31.625,19.125,
A,Heliophila descurva,3218BB,32.125,18.875,
A,Heliophila descurva,3219AA,32.125,19.125,
A,Heliophila descurva,3219DC,32.875,19.625,
A,Heliophila descurva,3320DC,33.875,20.625,
A,Heliophila descurva,3322AD,33.375,22.375,
A,Heliophila deserticola,2816BB,28.125,16.875,
A,Heliophila deserticola,2816BD,28.375,16.875,
A,Heliophila deserticola,2816DB,28.625,16.875,
A,Heliophila deserticola,2817AA,28.125,17.125,
A,Heliophila deserticola,2817AB,28.125,17.375,
A,Heliophila deserticola,2817AC,28.375,17.125,
A,Heliophila deserticola,2817CA,28.625,17.125,
A,Heliophila deserticola,2817CB,28.625,17.375,
A,Heliophila deserticola,2817DC,28.875,17.625,
A,Heliophila deserticola,2818DD,28.875,18.875,
A,Heliophila deserticola,2819CD,28.875,19.375,
A,Heliophila deserticola,2819DA,28.625,19.625,
A,Heliophila deserticola,2819DB,28.625,19.875,
A,Heliophila deserticola,2819DD,28.875,19.875,
A,Heliophila deserticola,2820AD,28.375,20.375,
A,Heliophila deserticola,2820BC,28.375,20.625,
A,Heliophila deserticola,2820CA,28.625,20.125,
A,Heliophila deserticola,2820CC,28.875,20.125,
A,Heliophila deserticola,2820DA,28.625,20.625,
A,Heliophila deserticola,2820DC,28.875,20.625,
A,Heliophila deserticola,2916BB,29.125,16.875,
A,Heliophila deserticola,2917AA,29.125,17.125,
A,Heliophila deserticola,2917BD,29.375,17.875,
A,Heliophila deserticola,2917DB,29.625,17.875,
A,Heliophila deserticola,2918AA,29.125,18.125,
A,Heliophila deserticola,2918BB,29.125,18.875,
A,Heliophila deserticola,2918DB,29.625,18.875,
A,Heliophila deserticola,2919AB,29.125,19.375,
A,Heliophila deserticola,2919BA,29.125,19.625,
A,Heliophila deserticola,2919BB,29.125,19.875,
A,Heliophila deserticola,2919BD,29.375,19.875,
A,Heliophila deserticola,2920AA,29.125,20.125,
A,Heliophila deserticola,2920AB,29.125,20.375,
A,Heliophila deserticola,2920AC,29.375,20.125,
A,Heliophila deserticola,2921AA,29.125,21.125,
A,Heliophila deserticola,2921AC,29.375,21.125,
A,Heliophila deserticola,2921BB,29.125,21.875,
A,Heliophila deserticola,2921DA,29.625,21.625,
A,Heliophila deserticola,2921DC,29.875,21.625,
A,Heliophila deserticola,2922DA,29.625,22.625,
A,Heliophila deserticola,3018AC,30.375,18.125,
A,Heliophila deserticola,3018BC,30.375,18.625,
A,Heliophila deserticola,3019CA,30.625,19.125,
A,Heliophila deserticola,3020DC,30.875,20.625,
A,Heliophila deserticola,3118AB,31.125,18.375,
A,Heliophila deserticola,3118BC,31.375,18.625,
A,Heliophila deserticola,3119AA,31.125,19.125,
A,Heliophila deserticola,3119BD,31.375,19.875,
A,Heliophila deserticola,3119DD,31.875,19.875,
A,Heliophila deserticola,3120AC,31.375,20.125,
A,Heliophila deserticola,3121BB,31.125,21.875,
A,Heliophila deserticola,3219BA,32.125,19.625,
A,Heliophila deserticola,3219BB,32.125,19.875,
A,Heliophila deserticola,3219BC,32.375,19.625,
A,Heliophila deserticola,3219BD,32.375,19.875,
A,Heliophila deserticola,3220AA,32.125,20.125,
A,Heliophila deserticola,3220AC,32.375,20.125,
A,Heliophila deserticola,3220AC,32.375,20.125,
A,Heliophila digitata,2924AD,29.375,24.375,
A,Heliophila digitata,3018AC,30.375,18.125,
A,Heliophila digitata,3118DC,31.875,18.625,
A,Heliophila digitata,3119AA,31.125,19.125,
A,Heliophila digitata,3119CA,31.625,19.125,
A,Heliophila digitata,3120CA,31.625,20.125,
A,Heliophila digitata,3218AD,32.375,18.375,
A,Heliophila digitata,3218DA,32.625,18.625,
A,Heliophila digitata,3218DC,32.875,18.625,
A,Heliophila digitata,3218DD,32.875,18.875,
A,Heliophila digitata,3219AA,32.125,19.125,
A,Heliophila digitata,3318BC,33.375,18.625,
A,Heliophila digitata,3318CD,33.875,18.375,
A,Heliophila digitata,3318DD,33.875,18.875,
A,Heliophila digitata,3319AA,33.125,19.125,
A,Heliophila digitata,3319AC,33.375,19.125,
A,Heliophila digitata,3319AD,33.375,19.375,
A,Heliophila digitata,3319BA,33.125,19.625,
A,Heliophila digitata,3319BD,33.375,19.875,
A,Heliophila digitata,3320AA,33.125,20.125,
A,Heliophila digitata,3418AB,34.125,18.375,
A,Heliophila digitata,3419AC,34.375,19.125,
A,Heliophila digitata,3421AB,34.125,21.375,
A,Heliophila digitata,3421AD,34.375,21.375,
P,Heliophila dregeana,3218AD,32.375,18.375,
P,Heliophila dregeana,3218BB,32.125,18.875,
P,Heliophila dregeana,3219AA,32.125,19.125,
P,Heliophila dregeana,3219AC,32.375,19.125,
P,Heliophila dregeana,3219AC05,32.37505,19.12505,
P,Heliophila dregeana,3219CA,32.625,19.125,
P,Heliophila dregeana,3219CB,32.625,19.375,
P,Heliophila dregeana,3219DC,32.875,19.625,
P,Heliophila dregeana,3318DC,33.875,18.625,
P,Heliophila dregeana,3318DD,33.875,18.875,
P,Heliophila dregeana,3319BD,33.375,19.875,
P,Heliophila elongata,2930CB,29.625,30.375,
P,Heliophila elongata,3030AC,30.375,30.125,
P,Heliophila elongata,3030BC,30.375,30.625,
P,Heliophila elongata,3030CB,30.625,30.375,
P,Heliophila elongata,3030CD,30.875,30.375,
P,Heliophila elongata,3129BD,31.375,29.875,
P,Heliophila elongata,3130AA,31.125,30.125,
P,Heliophila elongata,3226DB,32.625,26.875,
P,Heliophila elongata,3227CC,32.875,27.125,
P,Heliophila elongata,3228CB,32.625,28.375,
P,Heliophila elongata,3318DB,33.625,18.875,
P,Heliophila elongata,3319CB,33.625,19.375,
P,Heliophila elongata,3321AD,33.375,21.375,
P,Heliophila elongata,3321CC,33.875,21.125,
P,Heliophila elongata,3321DD,33.875,21.875,
P,Heliophila elongata,3322CD,33.875,22.375,
P,Heliophila elongata,3323CC,33.875,23.125,
P,Heliophila elongata,3323DC,33.875,23.625,
P,Heliophila elongata,3323DD,33.875,23.875,
P,Heliophila elongata,3324CC,33.875,24.125,
P,Heliophila elongata,3325BD,33.375,25.875,
P,Heliophila elongata,3325CA,33.625,25.125,
P,Heliophila elongata,3325CC,33.875,25.125,
P,Heliophila elongata,3325CD,33.875,25.375,
P,Heliophila elongata,3325DC,33.875,25.625,
P,Heliophila elongata,3326AB,33.125,26.375,
P,Heliophila elongata,3326AD,33.375,26.375,
P,Heliophila elongata,3326BC,33.375,26.625,
P,Heliophila elongata,3326DA,33.625,26.625,
P,Heliophila elongata,3327BB,33.125,27.875,
P,Heliophila elongata,3418AD,34.375,18.375,
P,Heliophila elongata,3420AB,34.125,20.375,
P,Heliophila elongata,3421AB,34.125,21.375,
P,Heliophila elongata,3423AA,34.125,23.125,
P,Heliophila elongata,3424AA,34.125,24.125,
P,Heliophila elongata,3424AB,34.125,24.375,
P,Heliophila elongata,3424BB,34.125,24.875,
P,Heliophila ephemera,3322AC,33.375,22.125,
P,Heliophila esterhuyseniae,3218BD,32.375,18.875,
P,Heliophila esterhuyseniae,3318DD,33.875,18.875,
P,Heliophila esterhuyseniae,3319CC,33.875,19.125,
P,Heliophila eximia,2816BB,28.125,16.875,
P,Heliophila eximia,2816BD,28.375,16.875,
P,Heliophila eximia,2817AC,28.375,17.125,
P,Heliophila eximia,2817CD,28.875,17.375,
P,Heliophila eximia,3118CD,31.875,18.375,
P,Heliophila eximia,3218CA,32.625,18.125,
A,Heliophila gariepina,2817AA,28.125,17.125,
A,Heliophila gariepina,2817AC,28.375,17.125,
A,Heliophila gariepina,2817CB,28.625,17.375,
A,Heliophila gariepina,2817CC,28.875,17.125,
A,Heliophila gariepina,2817CD,28.875,17.375,
A,Heliophila gariepina,2917BA,29.125,17.625,
A,Heliophila gariepina,2917BC,29.375,17.625,
P,Heliophila glauca,3218BB,32.125,18.875,
P,Heliophila glauca,3219DC,32.875,19.625,
P,Heliophila glauca,3320BC,33.375,20.625,
P,Heliophila glauca,3320DB,33.625,20.875,
P,Heliophila glauca,3321AD,33.375,21.375,
P,Heliophila glauca,3321CA,33.625,21.125,
P,Heliophila glauca,3321CB,33.625,21.375,
P,Heliophila glauca,3321CC,33.875,21.125,
P,Heliophila glauca,3321DA,33.625,21.625,
P,Heliophila glauca,3321DB,33.625,21.875,
P,Heliophila glauca,3322CC,33.875,22.125,
P,Heliophila glauca,3322CD,33.875,22.375,
P,Heliophila glauca,3323CD,33.875,23.375,
P,Heliophila glauca,3323DD,33.875,23.875,
P,Heliophila glauca,3324CA,33.625,24.125,
P,Heliophila glauca,3324DD,33.875,24.875,
P,Heliophila glauca,3424BA,34.125,24.625,
P,Heliophila juncea,2917AC,29.375,17.125,
P,Heliophila juncea,2917AD,29.375,17.375,
P,Heliophila juncea,2917CA,29.625,17.125,
P,Heliophila juncea,2917CD,29.875,17.375,
P,Heliophila juncea,2917DA,29.625,17.625,
P,Heliophila juncea,3017AD,30.375,17.375,
P,Heliophila juncea,3018AB,30.125,18.375,
P,Heliophila juncea,3018AC,30.375,18.125,
P,Heliophila juncea,3018CA,30.625,18.125,
P,Heliophila juncea,3117BB,31.125,17.875,
P,Heliophila juncea,3118BA,31.125,18.625,
P,Heliophila juncea,3118BB,31.125,18.875,
P,Heliophila juncea,3118CA,31.625,18.125,
P,Heliophila juncea,3118DA,31.625,18.625,
P,Heliophila juncea,3118DC,31.875,18.625,
P,Heliophila juncea,3118DD,31.875,18.875,
P,Heliophila juncea,3119AC,31.375,19.125,
P,Heliophila juncea,3119BD,31.375,19.875,
P,Heliophila juncea,3119CA,31.625,19.125,
P,Heliophila juncea,3119CB,31.625,19.375,
P,Heliophila juncea,3119CC,31.875,19.125,
P,Heliophila juncea,3218BB,32.125,18.875,
P,Heliophila juncea,3218BD,32.375,18.875,
P,Heliophila juncea,3218DC,32.875,18.625,
P,Heliophila juncea,3218DD,32.875,18.875,
P,Heliophila juncea,3219AC,32.375,19.125,
P,Heliophila juncea,3219CA,32.625,19.125,
P,Heliophila juncea,3219CC,32.875,19.125,
P,Heliophila juncea,3219CD,32.875,19.375,
P,Heliophila juncea,3219DC,32.875,19.625,
P,Heliophila juncea,3318AD,33.375,18.375,
P,Heliophila juncea,3318BB,33.125,18.875,
P,Heliophila juncea,3318CB,33.625,18.375,
P,Heliophila juncea,3318CD,33.875,18.375,
P,Heliophila juncea,3318DB,33.625,18.875,
P,Heliophila juncea,3319AC,33.375,19.125,
P,Heliophila juncea,3319AD,33.375,19.375,
P,Heliophila juncea,3319BA,33.125,19.625,
P,Heliophila juncea,3319BC,33.375,19.625,
P,Heliophila juncea,3319CB,33.625,19.375,
P,Heliophila juncea,3319CC,33.875,19.125,
P,Heliophila juncea,3319DB,33.625,19.875,
P,Heliophila juncea,3320AB,33.125,20.375,
P,Heliophila juncea,3320BC,33.375,20.625,
P,Heliophila juncea,3321AA,33.125,21.125,
P,Heliophila juncea,3321AD,33.375,21.375,
P,Heliophila juncea,3321CB,33.625,21.375,
P,Heliophila juncea,3321DB,33.625,21.875,
P,Heliophila juncea,3322AC,33.375,22.125,
P,Heliophila juncea,3322AD,33.375,22.375,
P,Heliophila juncea,3323AD,33.375,23.375,
P,Heliophila juncea,3323CB,33.625,23.375,
P,Heliophila juncea,3323CC,33.875,23.125,
P,Heliophila juncea,3418AD,34.375,18.375,
P,Heliophila juncea,3419AB,34.125,19.375,
P,Heliophila juncea,3419AD,34.375,19.375,
P,Heliophila juncea,3419CB,34.625,19.375,
P,Heliophila juncea,3420AB,34.125,20.375,
P,Heliophila juncea,3420BC,34.375,20.625,
P,Heliophila juncea,3420CA,34.625,20.125,
P,Heliophila linearis,3318AB,33.125,18.375,
P,Heliophila linearis,3318CB,33.625,18.375,
P,Heliophila linearis,3318CB2,33.6252,18.3752,
P,Heliophila linearis,3320DC,33.875,20.625,
P,Heliophila linearis,3321CC,33.875,21.125,
P,Heliophila linearis,3321DC,33.875,21.625,
P,Heliophila linearis,3322CD,33.875,22.375,
P,Heliophila linearis,3322DA,33.625,22.625,
P,Heliophila linearis,3322DB,33.625,22.875,
P,Heliophila linearis,3322DC,33.875,22.625,
P,Heliophila linearis,3323CC,33.875,23.125,
P,Heliophila linearis,3324DD,33.875,24.875,
P,Heliophila linearis,3325DC,33.875,25.625,
P,Heliophila linearis,3327BB,33.125,27.875,
P,Heliophila linearis,3418AB,34.125,18.375,
P,Heliophila linearis,3418AD,34.375,18.375,
P,Heliophila linearis,3418BD,34.375,18.875,
P,Heliophila linearis,3419AC,34.375,19.125,
P,Heliophila linearis,3419AC,34.375,19.125,
P,Heliophila linearis,3419CB,34.625,19.375,
P,Heliophila linearis,3419CB,34.625,19.375,
P,Heliophila linearis,3419DC,34.875,19.625,
P,Heliophila linearis,3420AA,34.125,20.125,
P,Heliophila linearis,3420AB,34.125,20.375,
P,Heliophila linearis,3420AD,34.375,20.375,
P,Heliophila linearis,3420BC,34.375,20.625,
P,Heliophila linearis,3420BC,34.375,20.625,
P,Heliophila linearis,3420CA,34.625,20.125,
P,Heliophila linearis,3420CB,34.625,20.375,
P,Heliophila linearis,3421AB,34.125,21.375,
P,Heliophila linearis,3421AC,34.375,21.125,
P,Heliophila linearis,3421AD,34.375,21.375,
P,Heliophila linearis,3421BA,34.125,21.625,
P,Heliophila linearis,3421BC,34.375,21.625,
P,Heliophila linearis,3421BD,34.375,21.875,
P,Heliophila linearis,3421BD11,34.37511,21.87511,
P,Heliophila linearis,3422AA,34.125,22.125,
P,Heliophila linearis,3422BB,34.125,22.875,
P,Heliophila linearis,3423AA,34.125,23.125,
P,Heliophila linearis,3423AB,34.125,23.375,
A,Heliophila macowaniana,3118DB,31.625,18.875,
A,Heliophila macowaniana,3218BB,32.125,18.875,
A,Heliophila macowaniana,3218BD,32.375,18.875,
A,Heliophila macowaniana,3218CC,32.875,18.125,
A,Heliophila macowaniana,3218DA,32.625,18.625,
A,Heliophila macowaniana,3218DB,32.625,18.875,
A,Heliophila macowaniana,3218DC,32.875,18.625,
A,Heliophila macowaniana,3218DD,32.875,18.875,
A,Heliophila macowaniana,3219AA,32.125,19.125,
A,Heliophila macowaniana,3219CA,32.625,19.125,
A,Heliophila macowaniana,3318BB,33.125,18.875,
A,Heliophila macowaniana,3318BC,33.375,18.625,
A,Heliophila macowaniana,3318BD,33.375,18.875,
A,Heliophila macowaniana,3318DD,33.875,18.875,
A,Heliophila macowaniana,3319AB,33.125,19.375,
A,Heliophila macowaniana,3319AC,33.375,19.125,
A,Heliophila macowaniana,3319BC,33.375,19.625,
A,Heliophila macowaniana,3320AA,33.125,20.125,
A,Heliophila macowaniana,3420AA,34.125,20.125,
P,Heliophila macra,3319CA,33.625,19.125,
P,Heliophila macra,3419AC,34.375,19.125,
P,Heliophila macra,3419AD,34.375,19.375,
P,Heliophila macra,3419DA,34.625,19.625,
P,Heliophila macra,3419DB,34.625,19.875,
P,Heliophila macra,3420AB,34.125,20.375,
P,Heliophila macra,3420BC,34.375,20.625,
P,Heliophila macra,3420BD,34.375,20.875,
P,Heliophila macra,3420CA,34.625,20.125,
P,Heliophila macra,3421AB,34.125,21.375,
P,Heliophila macra,3422BB,34.125,22.875,
P,Heliophila macrosperma,3125CD,31.875,25.375,
P,Heliophila macrosperma,3227DC,32.875,27.625,
P,Heliophila macrosperma,3325CD,33.875,25.375,
A,Heliophila minima,2820CB,28.625,20.375,
A,Heliophila minima,2820DB,28.625,20.875,
A,Heliophila minima,2821AC,28.375,21.125,
A,Heliophila minima,2823AC,28.375,23.125,
A,Heliophila minima,2824BA,28.125,24.625,
A,Heliophila minima,2824DB,28.625,24.875,
A,Heliophila minima,2921DD,29.875,21.875,
A,Heliophila minima,2922CA,29.625,22.125,
A,Heliophila minima,2923DD,29.875,23.875,
A,Heliophila minima,2924BD,29.375,24.875,
A,Heliophila minima,2925AA,29.125,25.125,
A,Heliophila minima,2925BA,29.125,25.625,
A,Heliophila minima,2925CA,29.625,25.125,
A,Heliophila minima,2925CB,29.625,25.375,
A,Heliophila minima,3023BC,30.375,23.625,
A,Heliophila minima,3023CD,30.875,23.375,
A,Heliophila minima,3023DC,30.875,23.625,
A,Heliophila minima,3024AC,30.375,24.125,
A,Heliophila minima,3122BB,31.125,22.875,
A,Heliophila minima,3122CB,31.625,22.375,
A,Heliophila minima,3122DC,31.875,22.625,
A,Heliophila minima,3122DD,31.875,22.875,
A,Heliophila minima,3123BA,31.125,23.625,
A,Heliophila minima,3123BC,31.375,23.625,
A,Heliophila minima,3124CD,31.875,24.375,
A,Heliophila minima,3125AC,31.375,25.125,
A,Heliophila minima,3125DB,31.625,25.875,
A,Heliophila minima,3221BB,32.125,21.875,
A,Heliophila minima,3222BC,32.375,22.625,
A,Heliophila minima,3222DC,32.875,22.625,
A,Heliophila minima,3228CC,32.875,28.125,
A,Heliophila minima,3420AA,34.125,20.125,
A,Heliophila minima,3421BA,34.125,21.625,
A,Heliophila minima,3421BC,34.375,21.625,
A,Heliophila namaquana,2817CB,28.625,17.375,
A,Heliophila namaquana,2917DA,29.625,17.625,
A,Heliophila namaquana,2917DB,29.625,17.875,
A,Heliophila namaquana,3017BB,30.125,17.875,
A,Heliophila namaquana,3119AC,31.375,19.125,
A,Heliophila namaquana,3119BD,31.375,19.875,
A,Heliophila namaquana,3219AA,32.125,19.125,
A,Heliophila namaquana,3219AC,32.375,19.125,
A,Heliophila namaquana,3219CB,32.625,19.375,
A,Heliophila namaquana,3319AD,33.375,19.375,
A,Heliophila namaquana,3322AD,33.375,22.375,
P,Heliophila nubigena,3318DD,33.875,18.875,
P,Heliophila nubigena,3319AA,33.125,19.125,
P,Heliophila nubigena,3319AB,33.125,19.375,
P,Heliophila nubigena,3319AC,33.375,19.125,
P,Heliophila nubigena,3319AD,33.375,19.375,
P,Heliophila nubigena,3319CB,33.625,19.375,
P,Heliophila nubigena,3319CC,33.875,19.125,
P,Heliophila nubigena,3319DA,33.625,19.625,
P,Heliophila nubigena,3321AC,33.375,21.125,
A,Heliophila pectinata,3119DD,31.875,19.875,
A,Heliophila pectinata,3120BC,31.375,20.625,
A,Heliophila pectinata,3121CD,31.875,21.375,
A,Heliophila pectinata,3220AA,32.125,20.125,
A,Heliophila pectinata,3220AD,32.375,20.375,
A,Heliophila pectinata,3220BC,32.375,20.625,
A,Heliophila pectinata,3220CB,32.625,20.375,
A,Heliophila pectinata,3220DA,32.625,20.625,
A,Heliophila pectinata,3220DB,32.625,20.875,
A,Heliophila pectinata,3220DC,32.875,20.625,
A,Heliophila pectinata,3221AA,32.125,21.125,
A,Heliophila pectinata,3318BC,33.375,18.625,
A,Heliophila pectinata,3319DB,33.625,19.875,
A,Heliophila pectinata,3319DC,33.875,19.625,
A,Heliophila pectinata,3320BA,33.125,20.625,
A,Heliophila pectinata,3320CA,33.625,20.125,
A,Heliophila pectinata,3320CD,33.875,20.375,
A,Heliophila pectinata,3320DC,33.875,20.625,
A,Heliophila pectinata,3321CB,33.625,21.375,
A,Heliophila pectinata,3321CD,33.875,21.375,
A,Heliophila pectinata,3322AD,33.375,22.375,
A,Heliophila pectinata,3322DA,33.625,22.625,
A,Heliophila pectinata,3323CA,33.625,23.125,
P,Heliophila polygaloides,3219DC,32.875,19.625,
P,Heliophila polygaloides,3319AB,33.125,19.375,
P,Heliophila polygaloides,3319BA,33.125,19.625,
A,Heliophila pubescens,3119BC,31.375,19.625,
A,Heliophila pubescens,3119BD,31.375,19.875,
A,Heliophila pubescens,3119DD,31.875,19.875,
A,Heliophila pubescens,3120AA,31.125,20.125,
A,Heliophila pubescens,3120CA,31.625,20.125,
A,Heliophila pubescens,3220AA,32.125,20.125,
A,Heliophila pubescens,3220BC,32.375,20.625,
A,Heliophila pubescens,3220DB,32.625,20.875,
A,Heliophila pubescens,3221CA,32.625,21.125,
A,Heliophila pubescens,3319AD,33.375,19.375,
A,Heliophila pubescens,3322AD,33.375,22.375,
A,Heliophila pusilla,2926AA,29.125,26.125,
A,Heliophila pusilla,3118CB,31.625,18.375,
A,Heliophila pusilla,3123CA,31.625,23.125,
A,Heliophila pusilla,3218CB,32.625,18.375,
A,Heliophila pusilla,3318BC,33.375,18.625,
A,Heliophila pusilla,3318CD,33.875,18.375,
A,Heliophila pusilla,3318DA,33.625,18.625,
A,Heliophila pusilla,3318DB,33.625,18.875,
A,Heliophila pusilla,3318DC,33.875,18.625,
A,Heliophila pusilla,3318DD,33.875,18.875,
A,Heliophila pusilla,3322CD,33.875,22.375,
A,Heliophila pusilla,3418AB,34.125,18.375,
A,Heliophila pusilla,3418BA,34.125,18.625,
A,Heliophila pusilla,3418BB,34.125,18.875,
A,Heliophila pusilla,3419AB,34.125,19.375,
A,Heliophila pusilla,3419BA,34.125,19.625,
A,Heliophila pusilla,3419BC,34.375,19.625,
A,Heliophila pusilla,3419DA,34.625,19.625,
A,Heliophila pusilla,3419DC,34.875,19.625,
A,Heliophila pusilla,3420AA,34.125,20.125,
A,Heliophila pusilla,3420AB,34.125,20.375,
A,Heliophila pusilla,3420AD,34.375,20.375,
A,Heliophila pusilla,3420BC,34.375,20.625,
A,Heliophila pusilla,3420CA,34.625,20.125,
A,Heliophila pusilla,3420CC,34.875,20.125,
A,Heliophila pusilla,3421AD,34.375,21.375,
P,Heliophila rigidiuscula,2430AA,24.125,30.125,
P,Heliophila rigidiuscula,2430AD,24.375,30.375,
P,Heliophila rigidiuscula,2430CA,24.625,30.125,
P,Heliophila rigidiuscula,2430DB,24.625,30.875,
P,Heliophila rigidiuscula,2430DC,24.875,30.625,
P,Heliophila rigidiuscula,2527CA,25.625,27.125,
P,Heliophila rigidiuscula,2528CA,25.625,28.125,
P,Heliophila rigidiuscula,2528CB,25.625,28.375,
P,Heliophila rigidiuscula,2529CC,25.875,29.125,
P,Heliophila rigidiuscula,2529CD,25.875,29.375,
P,Heliophila rigidiuscula,2529DB,25.625,29.875,
P,Heliophila rigidiuscula,2530AB,25.125,30.375,
P,Heliophila rigidiuscula,2530AC,25.375,30.125,
P,Heliophila rigidiuscula,2530AD,25.375,30.375,
P,Heliophila rigidiuscula,2530BA,25.125,30.625,
P,Heliophila rigidiuscula,2530BD,25.375,30.875,
P,Heliophila rigidiuscula,2530CA,25.625,30.125,
P,Heliophila rigidiuscula,2530CB,25.625,30.375,
P,Heliophila rigidiuscula,2531CC,25.875,31.125,
P,Heliophila rigidiuscula,2627BB,26.125,27.875,
P,Heliophila rigidiuscula,2627CB,26.625,27.375,
P,Heliophila rigidiuscula,2628AA,26.125,28.125,
P,Heliophila rigidiuscula,2628AD,26.375,28.375,
P,Heliophila rigidiuscula,2630AA,26.125,30.125,
P,Heliophila rigidiuscula,2630BB,26.125,30.875,
P,Heliophila rigidiuscula,2630CA,26.625,30.125,
P,Heliophila rigidiuscula,2631AA,26.125,31.125,
P,Heliophila rigidiuscula,2729BD,27.375,29.875,
P,Heliophila rigidiuscula,2729DC,27.875,29.625,
P,Heliophila rigidiuscula,2730AD,27.375,30.375,
P,Heliophila rigidiuscula,2730BB,27.125,30.875,
P,Heliophila rigidiuscula,2731CD,27.875,31.375,
P,Heliophila rigidiuscula,2828DA,28.625,28.625,
P,Heliophila rigidiuscula,2828DB,28.625,28.875,
P,Heliophila rigidiuscula,2828DD,28.875,28.875,
P,Heliophila rigidiuscula,2829AC,28.375,29.125,
P,Heliophila rigidiuscula,2829BD,28.375,29.875,
P,Heliophila rigidiuscula,2829CA,28.625,29.125,
P,Heliophila rigidiuscula,2829CB,28.625,29.375,
P,Heliophila rigidiuscula,2829CC,28.875,29.125,
P,Heliophila rigidiuscula,2829DC,28.875,29.625,
P,Heliophila rigidiuscula,2830AA,28.125,30.125,
P,Heliophila rigidiuscula,2831CA,28.625,31.125,
P,Heliophila rigidiuscula,2929AB,29.125,29.375,
P,Heliophila rigidiuscula,2929BB,29.125,29.875,
P,Heliophila rigidiuscula,2929BD,29.375,29.875,
P,Heliophila rigidiuscula,2929CA,29.625,29.125,
P,Heliophila rigidiuscula,2929CB,29.625,29.375,
P,Heliophila rigidiuscula,2929CC,29.875,29.125,
P,Heliophila rigidiuscula,2930AC,29.375,30.125,
P,Heliophila rigidiuscula,2930BA,29.125,30.625,
P,Heliophila rigidiuscula,2930CB,29.625,30.375,
P,Heliophila rigidiuscula,2930DA,29.625,30.625,
P,Heliophila rigidiuscula,2930DC,29.875,30.625,
P,Heliophila rigidiuscula,2930DD,29.875,30.875,
P,Heliophila rigidiuscula,2931AA,29.125,31.125,
P,Heliophila rigidiuscula,2931AD,29.375,31.375,
P,Heliophila rigidiuscula,3027CB,30.625,27.375,
P,Heliophila rigidiuscula,3029AB,30.125,29.375,
P,Heliophila rigidiuscula,3029AD,30.375,29.375,
P,Heliophila rigidiuscula,3029CB,30.625,29.375,
P,Heliophila rigidiuscula,3029DA,30.625,29.625,
P,Heliophila rigidiuscula,3029DB,30.625,29.875,
P,Heliophila rigidiuscula,3030AD,30.375,30.375,
P,Heliophila rigidiuscula,3030CA,30.625,30.125,
P,Heliophila rigidiuscula,3030CB,30.625,30.375,
P,Heliophila rigidiuscula,3030CC,30.875,30.125,
P,Heliophila rigidiuscula,3126DD,31.875,26.875,
P,Heliophila rigidiuscula,3127BA,31.125,27.625,
P,Heliophila rigidiuscula,3128CA,31.625,28.125,
P,Heliophila rigidiuscula,3129AB,31.125,29.375,
P,Heliophila rigidiuscula,3129BB,31.125,29.875,
P,Heliophila rigidiuscula,3129BC,31.375,29.625,
P,Heliophila rigidiuscula,3129BD,31.375,29.875,
P,Heliophila rigidiuscula,3226AD,32.375,26.375,
P,Heliophila rigidiuscula,3226DA,32.625,26.625,
P,Heliophila rigidiuscula,3226DB,32.625,26.875,
P,Heliophila rigidiuscula,3227DB,32.625,27.875,
P,Heliophila rigidiuscula,3325BC,33.375,25.625,
P,Heliophila rigidiuscula,3327AD,33.375,27.375,
P,Heliophila scoparia,3118DB,31.625,18.875,
P,Heliophila scoparia,3119AC,31.375,19.125,
P,Heliophila scoparia,3218BB,32.125,18.875,
P,Heliophila scoparia,3218BD,32.375,18.875,
P,Heliophila scoparia,3218DB,32.625,18.875,
P,Heliophila scoparia,3219AA,32.125,19.125,
P,Heliophila scoparia,3219AC,32.375,19.125,
P,Heliophila scoparia,3219CA,32.625,19.125,
P,Heliophila scoparia,3318BD,33.375,18.875,
P,Heliophila scoparia,3318CD,33.875,18.375,
P,Heliophila scoparia,3318CD,33.875,18.375,
P,Heliophila scoparia,3318DB,33.625,18.875,
P,Heliophila scoparia,3318DD,33.875,18.875,
P,Heliophila scoparia,3318DD,33.875,18.875,
P,Heliophila scoparia,3319AC,33.375,19.125,
P,Heliophila scoparia,3319AC,33.375,19.125,
P,Heliophila scoparia,3319AD,33.375,19.375,
P,Heliophila scoparia,3319BA,33.125,19.625,
P,Heliophila scoparia,3319BC,33.375,19.625,
P,Heliophila scoparia,3319CA,33.625,19.125,
P,Heliophila scoparia,3319CB,33.625,19.375,
P,Heliophila scoparia,3319CC,33.875,19.125,
P,Heliophila scoparia,3319CD,33.875,19.375,
P,Heliophila scoparia,3319DA,33.625,19.625,
P,Heliophila scoparia,3319DC,33.875,19.625,
P,Heliophila scoparia,3319DD,33.875,19.875,
P,Heliophila scoparia,3321DB,33.625,21.875,
P,Heliophila scoparia,3322AC,33.375,22.125,
P,Heliophila scoparia,3418AB,34.125,18.375,
P,Heliophila scoparia,3418BB,34.125,18.875,
P,Heliophila scoparia,3418BD,34.375,18.875,
P,Heliophila scoparia,3419AA,34.125,19.125,
P,Heliophila scoparia,3419AD,34.375,19.375,
P,Heliophila scoparia,3419BB,34.125,19.875,
P,Heliophila scoparia,3420AA,34.125,20.125,
P,Heliophila scoparia,3420AB,34.125,20.375,
P,Heliophila scoparia,3420BC,34.375,20.625,
P,Heliophila scoparia,3420CA,34.625,20.125,
A,Heliophila seselifolia,2817DD,28.875,17.875,
A,Heliophila seselifolia,2820CC,28.875,20.125,
A,Heliophila seselifolia,2820DC,28.875,20.625,
A,Heliophila seselifolia,2917BA,29.125,17.625,
A,Heliophila seselifolia,2917BD,29.375,17.875,
A,Heliophila seselifolia,2917CC,29.875,17.125,
A,Heliophila seselifolia,2917DA,29.625,17.625,
A,Heliophila seselifolia,2917DB,29.625,17.875,
A,Heliophila seselifolia,2918CA,29.625,18.125,
A,Heliophila seselifolia,2920AD,29.375,20.375,
A,Heliophila seselifolia,3017AB,30.125,17.375,
A,Heliophila seselifolia,3018AD,30.375,18.375,
A,Heliophila seselifolia,3018CB,30.625,18.375,
A,Heliophila seselifolia,3019DB,30.625,19.875,
A,Heliophila seselifolia,3019DC,30.875,19.625,
A,Heliophila seselifolia,3020CC,30.875,20.125,
A,Heliophila seselifolia,3020CD,30.875,20.375,
A,Heliophila seselifolia,3020DA,30.625,20.625,
A,Heliophila seselifolia,3020DC,30.875,20.625,
A,Heliophila seselifolia,3021AC,30.375,21.125,
A,Heliophila seselifolia,3118BB,31.125,18.875,
A,Heliophila seselifolia,3119BB,31.125,19.875,
A,Heliophila seselifolia,3119BC,31.375,19.625,
A,Heliophila seselifolia,3119BD,31.375,19.875,
A,Heliophila seselifolia,3119CC,31.875,19.125,
A,Heliophila seselifolia,3119DD,31.875,19.875,
A,Heliophila seselifolia,3120BD,31.375,20.875,
A,Heliophila seselifolia,3120CC,31.875,20.125,
A,Heliophila seselifolia,3120DD,31.875,20.875,
A,Heliophila seselifolia,3121CD,31.875,21.375,
A,Heliophila seselifolia,3219BA,32.125,19.625,
A,Heliophila seselifolia,3219BC,32.375,19.625,
A,Heliophila seselifolia,3219DC,32.875,19.625,
A,Heliophila seselifolia,3220AA,32.125,20.125,
A,Heliophila seselifolia,3220BC,32.375,20.625,
A,Heliophila seselifolia,3220BC,32.375,20.625,
A,Heliophila seselifolia,3220BD,32.375,20.875,
A,Heliophila seselifolia,3220DA,32.625,20.625,
A,Heliophila seselifolia,3220DB,32.625,20.875,
A,Heliophila seselifolia,3220DC,32.875,20.625,
A,Heliophila seselifolia,3221BA,32.125,21.625,
A,Heliophila seselifolia,3221CA,32.625,21.125,
A,Heliophila seselifolia,3320BB,33.125,20.875,
P,Heliophila suavissima,2626BD,26.375,26.875,
P,Heliophila suavissima,2723CB,27.625,23.375,
P,Heliophila suavissima,2723DC,27.875,23.625,
P,Heliophila suavissima,2730AC,27.375,30.125,
P,Heliophila suavissima,2823AD,28.375,23.375,
P,Heliophila suavissima,2823BA,28.125,23.625,
P,Heliophila suavissima,2826CD,28.875,26.375,
P,Heliophila suavissima,2826DC,28.875,26.625,
P,Heliophila suavissima,2827CC,28.875,27.125,
P,Heliophila suavissima,2828DA,28.625,28.625,
P,Heliophila suavissima,2921BD,29.375,21.875,
P,Heliophila suavissima,2922DC,29.875,22.625,
P,Heliophila suavissima,2925CA,29.625,25.125,
P,Heliophila suavissima,2925CB,29.625,25.375,
P,Heliophila suavissima,2926AA,29.125,26.125,
P,Heliophila suavissima,2926BB,29.125,26.875,
P,Heliophila suavissima,2927AB,29.125,27.375,
P,Heliophila suavissima,3022BC,30.375,22.625,
P,Heliophila suavissima,3023AA,30.125,23.125,
P,Heliophila suavissima,3023AD,30.375,23.375,
P,Heliophila suavissima,3023DA,30.625,23.625,
P,Heliophila suavissima,3024CA,30.625,24.125,
P,Heliophila suavissima,3024CD,30.875,24.375,
P,Heliophila suavissima,3024DB,30.625,24.875,
P,Heliophila suavissima,3024DC,30.875,24.625,
P,Heliophila suavissima,3024DD,30.875,24.875,
P,Heliophila suavissima,3025AD,30.375,25.375,
P,Heliophila suavissima,3025BA,30.125,25.625,
P,Heliophila suavissima,3025BD,30.375,25.875,
P,Heliophila suavissima,3025CA,30.625,25.125,
P,Heliophila suavissima,3025CB,30.625,25.375,
P,Heliophila suavissima,3025DA,30.625,25.625,
P,Heliophila suavissima,3026CA,30.625,26.125,
P,Heliophila suavissima,3028CA,30.625,28.125,
P,Heliophila suavissima,3121AB,31.125,21.375,
P,Heliophila suavissima,3121AC,31.375,21.125,
P,Heliophila suavissima,3121BB,31.125,21.875,
P,Heliophila suavissima,3121DC,31.875,21.625,
P,Heliophila suavissima,3121DD,31.875,21.875,
P,Heliophila suavissima,3122AA,31.125,22.125,
P,Heliophila suavissima,3122AD,31.375,22.375,
P,Heliophila suavissima,3122BD,31.375,22.875,
P,Heliophila suavissima,3122CA,31.625,22.125,
P,Heliophila suavissima,3122DB,31.625,22.875,
P,Heliophila suavissima,3122DC,31.875,22.625,
P,Heliophila suavissima,3122DD,31.875,22.875,
P,Heliophila suavissima,3123AC,31.375,23.125,
P,Heliophila suavissima,3123AD,31.375,23.375,
P,Heliophila suavissima,3123BC,31.375,23.625,
P,Heliophila suavissima,3123BD,31.375,23.875,
P,Heliophila suavissima,3123CA,31.625,23.125,
P,Heliophila suavissima,3123CB,31.625,23.375,
P,Heliophila suavissima,3123DB,31.625,23.875,
P,Heliophila suavissima,3123DC,31.875,23.625,
P,Heliophila suavissima,3124AC,31.375,24.125,
P,Heliophila suavissima,3124AD,31.375,24.375,
P,Heliophila suavissima,3124BC,31.375,24.625,
P,Heliophila suavissima,3124BD,31.375,24.875,
P,Heliophila suavissima,3124CA,31.625,24.125,
P,Heliophila suavissima,3124CB,31.625,24.375,
P,Heliophila suavissima,3124DA,31.625,24.625,
P,Heliophila suavissima,3124DB,31.625,24.875,
P,Heliophila suavissima,3124DC,31.875,24.625,
P,Heliophila suavissima,3124DD,31.875,24.875,
P,Heliophila suavissima,3125AA,31.125,25.125,
P,Heliophila suavissima,3125AB,31.125,25.375,
P,Heliophila suavissima,3125AC,31.375,25.125,
P,Heliophila suavissima,3125AD,31.375,25.375,
P,Heliophila suavissima,3125BB,31.125,25.875,
P,Heliophila suavissima,3125CA,31.625,25.125,
P,Heliophila suavissima,3125CB,31.625,25.375,
P,Heliophila suavissima,3125CC,31.875,25.125,
P,Heliophila suavissima,3125CD,31.875,25.375,
P,Heliophila suavissima,3125DA,31.625,25.625,
P,Heliophila suavissima,3125DC,31.875,25.625,
P,Heliophila suavissima,3125DD,31.875,25.875,
P,Heliophila suavissima,3126AC,31.375,26.125,
P,Heliophila suavissima,3126BA,31.125,26.625,
P,Heliophila suavissima,3126BC,31.375,26.625,
P,Heliophila suavissima,3126CC,31.875,26.125,
P,Heliophila suavissima,3126DD,31.875,26.875,
P,Heliophila suavissima,3218BB,32.125,18.875,
P,Heliophila suavissima,3220BC,32.375,20.625,
P,Heliophila suavissima,3220DB,32.625,20.875,
P,Heliophila suavissima,3221BA,32.125,21.625,
P,Heliophila suavissima,3221BB,32.125,21.875,
P,Heliophila suavissima,3221BD,32.375,21.875,
P,Heliophila suavissima,3221CC,32.875,21.125,
P,Heliophila suavissima,3221DC,32.875,21.625,
P,Heliophila suavissima,3222AA,32.125,22.125,
P,Heliophila suavissima,3222AB,32.125,22.375,
P,Heliophila suavissima,3222AD,32.375,22.375,
P,Heliophila suavissima,3222BA,32.125,22.625,
P,Heliophila suavissima,3222BB,32.125,22.875,
P,Heliophila suavissima,3222BD,32.375,22.875,
P,Heliophila suavissima,3222DA,32.625,22.625,
P,Heliophila suavissima,3222DB,32.625,22.875,
P,Heliophila suavissima,3223AA,32.125,23.125,
P,Heliophila suavissima,3223BA,32.125,23.625,
P,Heliophila suavissima,3223BB,32.125,23.875,
P,Heliophila suavissima,3223CA,32.625,23.125,
P,Heliophila suavissima,3223CD,32.875,23.375,
P,Heliophila suavissima,3224AA,32.125,24.125,
P,Heliophila suavissima,3224AB,32.125,24.375,
P,Heliophila suavissima,3224AD,32.375,24.375,
P,Heliophila suavissima,3224BA,32.125,24.625,
P,Heliophila suavissima,3224BC,32.375,24.625,
P,Heliophila suavissima,3224CA,32.625,24.125,
P,Heliophila suavissima,3224CB,32.625,24.375,
P,Heliophila suavissima,3224CD,32.875,24.375,
P,Heliophila suavissima,3224DA,32.625,24.625,
P,Heliophila suavissima,3224DB,32.625,24.875,
P,Heliophila suavissima,3224DC,32.875,24.625,
P,Heliophila suavissima,3225AA,32.125,25.125,
P,Heliophila suavissima,3225AB,32.125,25.375,
P,Heliophila suavissima,3225AC,32.375,25.125,
P,Heliophila suavissima,3225AD,32.375,25.375,
P,Heliophila suavissima,3225BA,32.125,25.625,
P,Heliophila suavissima,3225BC,32.375,25.625,
P,Heliophila suavissima,3225CA,32.625,25.125,
P,Heliophila suavissima,3225CC,32.875,25.125,
P,Heliophila suavissima,3226CA,32.625,26.125,
P,Heliophila suavissima,3318DC,33.875,18.625,
P,Heliophila suavissima,3319DB,33.625,19.875,
P,Heliophila suavissima,3319DC,33.875,19.625,
P,Heliophila suavissima,3319DD,33.875,19.875,
P,Heliophila suavissima,3320DC,33.875,20.625,
P,Heliophila suavissima,3321BC,33.375,21.625,
P,Heliophila suavissima,3321CC,33.875,21.125,
P,Heliophila suavissima,3321DA,33.625,21.625,
P,Heliophila suavissima,3321DB,33.625,21.875,
P,Heliophila suavissima,3322AB,33.125,22.375,
P,Heliophila suavissima,3322AC,33.375,22.125,
P,Heliophila suavissima,3322AD,33.375,22.375,
P,Heliophila suavissima,3322BB,33.125,22.875,
P,Heliophila suavissima,3322BC,33.375,22.625,
P,Heliophila suavissima,3322CD,33.875,22.375,
P,Heliophila suavissima,3322DB,33.625,22.875,
P,Heliophila suavissima,3322DC,33.875,22.625,
P,Heliophila suavissima,3323AB,33.125,23.375,
P,Heliophila suavissima,3323AC,33.375,23.125,
P,Heliophila suavissima,3323BD,33.375,23.875,
P,Heliophila suavissima,3323CC,33.875,23.125,
P,Heliophila suavissima,3323DB,33.625,23.875,
P,Heliophila suavissima,3324AB,33.125,24.375,
P,Heliophila suavissima,3324AC,33.375,24.125,
P,Heliophila suavissima,3324BA,33.125,24.625,
P,Heliophila suavissima,3324BB,33.125,24.875,
P,Heliophila suavissima,3324BC,33.375,24.625,
P,Heliophila suavissima,3324CD,33.875,24.375,
P,Heliophila suavissima,3324DD,33.875,24.875,
P,Heliophila suavissima,3325BA,33.125,25.625,
P,Heliophila suavissima,3325BB,33.125,25.875,
P,Heliophila suavissima,3325BD,33.375,25.875,
P,Heliophila suavissima,3325CC,33.875,25.125,
P,Heliophila suavissima,3325CD,33.875,25.375,
P,Heliophila suavissima,3325DA,33.625,25.625,
P,Heliophila suavissima,3325DC,33.875,25.625,
P,Heliophila suavissima,3326AB,33.125,26.375,
P,Heliophila suavissima,3326BA,33.125,26.625,
P,Heliophila suavissima,3326BB,33.125,26.875,
P,Heliophila suavissima,3326BC,33.375,26.625,
P,Heliophila suavissima,3326BD,33.375,26.875,
P,Heliophila suavissima,3326DA,33.625,26.625,
P,Heliophila suavissima,3327BA,33.125,27.625,
P,Heliophila suavissima,3419BC,34.375,19.625,
P,Heliophila suavissima,3420AB,34.125,20.375,
P,Heliophila suavissima,3421AB,34.125,21.375,
P,Heliophila suavissima,3421AC,34.375,21.125,
P,Heliophila suavissima,3421AD,34.375,21.375,
P,Heliophila suavissima,3421BB,34.125,21.875,
P,Heliophila suavissima,3421BC,34.375,21.625,
P,Heliophila suavissima,3422AA,34.125,22.125,
P,Heliophila suavissima,3423AB,34.125,23.375,
P,Heliophila suavissima,3424BA,34.125,24.625,
P,Heliophila subulata,2831AD,28.375,31.375,
P,Heliophila subulata,2832AB,28.125,32.375,
P,Heliophila subulata,2832CC,28.875,32.125,
P,Heliophila subulata,2931CA,29.625,31.125,
P,Heliophila subulata,3030BB,30.125,30.875,
P,Heliophila subulata,3030BC,30.375,30.625,
P,Heliophila subulata,3124DD,31.875,24.875,
P,Heliophila subulata,3128AD,31.375,28.375,
P,Heliophila subulata,3129AA,31.125,29.125,
P,Heliophila subulata,3130AA,31.125,30.125,
P,Heliophila subulata,3219CC,32.875,19.125,
P,Heliophila subulata,3228BC,32.375,28.625,
P,Heliophila subulata,3228BD,32.375,28.875,
P,Heliophila subulata,3228CB,32.625,28.375,
P,Heliophila subulata,3228CC,32.875,28.125,
P,Heliophila subulata,3319AA,33.125,19.125,
P,Heliophila subulata,3319CA,33.625,19.125,
P,Heliophila subulata,3319DD,33.875,19.875,
P,Heliophila subulata,3320AD,33.375,20.375,
P,Heliophila subulata,3320BC,33.375,20.625,
P,Heliophila subulata,3320CC,33.875,20.125,
P,Heliophila subulata,3320DC,33.875,20.625,
P,Heliophila subulata,3321DA,33.625,21.625,
P,Heliophila subulata,3322AC,33.375,22.125,
P,Heliophila subulata,3322CD,33.875,22.375,
P,Heliophila subulata,3322DA,33.625,22.625,
P,Heliophila subulata,3322DB,33.625,22.875,
P,Heliophila subulata,3322DC,33.875,22.625,
P,Heliophila subulata,3323AD,33.375,23.375,
P,Heliophila subulata,3323CA,33.625,23.125,
P,Heliophila subulata,3323CC,33.875,23.125,
P,Heliophila subulata,3323DC,33.875,23.625,
P,Heliophila subulata,3324DD,33.875,24.875,
P,Heliophila subulata,3325CC,33.875,25.125,
P,Heliophila subulata,3325CD,33.875,25.375,
P,Heliophila subulata,3325DC,33.875,25.625,
P,Heliophila subulata,3326AC,33.375,26.125,
P,Heliophila subulata,3326CB,33.625,26.375,
P,Heliophila subulata,3326DA,33.625,26.625,
P,Heliophila subulata,3326DB,33.625,26.875,
P,Heliophila subulata,3327AC,33.375,27.125,
P,Heliophila subulata,3327BB,33.125,27.875,
P,Heliophila subulata,3327CA,33.625,27.125,
P,Heliophila subulata,3419AA,34.125,19.125,
P,Heliophila subulata,3419AB,34.125,19.375,
P,Heliophila subulata,3419AC,34.375,19.125,
P,Heliophila subulata,3419AD,34.375,19.375,
P,Heliophila subulata,3419DA,34.625,19.625,
P,Heliophila subulata,3419DB,34.625,19.875,
P,Heliophila subulata,3420AA,34.125,20.125,
P,Heliophila subulata,3420AB,34.125,20.375,
P,Heliophila subulata,3420AD,34.375,20.375,
P,Heliophila subulata,3420BA,34.125,20.625,
P,Heliophila subulata,3420BC,34.375,20.625,
P,Heliophila subulata,3420CA,34.625,20.125,
P,Heliophila subulata,3421AA,34.125,21.125,
P,Heliophila subulata,3421AB,34.125,21.375,
P,Heliophila subulata,3421AC11,34.37511,21.12511,
P,Heliophila subulata,3421AC13,34.37513,21.12513,
P,Heliophila subulata,3421AD,34.375,21.375,
P,Heliophila subulata,3421BA,34.125,21.625,
P,Heliophila subulata,3422AA,34.125,22.125,
P,Heliophila subulata,3422AB,34.125,22.375,
P,Heliophila subulata,3422BB,34.125,22.875,
P,Heliophila subulata,3423AA,34.125,23.125,
P,Heliophila subulata,3423AB,34.125,23.375,
P,Heliophila subulata,3424BB,34.125,24.875,
P,Heliophila tricuspidata,3319CD,33.875,19.375,
P,Heliophila tricuspidata,3319DC,33.875,19.625,
P,Heliophila tricuspidata,3419BA,34.125,19.625,
P,Heliophila tricuspidata,3419BB,34.125,19.875,
A,Heliophila trifurca,2816BB,28.125,16.875,
A,Heliophila trifurca,2816BD,28.375,16.875,
A,Heliophila trifurca,2816DA,28.625,16.625,
A,Heliophila trifurca,2816DD,28.875,16.875,
A,Heliophila trifurca,2817AA,28.125,17.125,
A,Heliophila trifurca,2817AC,28.375,17.125,
A,Heliophila trifurca,2817CA,28.625,17.125,
A,Heliophila trifurca,2817CB,28.625,17.375,
A,Heliophila trifurca,2817DD,28.875,17.875,
A,Heliophila trifurca,2818CD,28.875,18.375,
A,Heliophila trifurca,2818DC,28.875,18.625,
A,Heliophila trifurca,2819DB,28.625,19.875,
A,Heliophila trifurca,2820AC,28.375,20.125,
A,Heliophila trifurca,2820CA,28.625,20.125,
A,Heliophila trifurca,2820CD,28.875,20.375,
A,Heliophila trifurca,2820DC,28.875,20.625,
A,Heliophila trifurca,2821CA,28.625,21.125,
A,Heliophila trifurca,2821DD,28.875,21.875,
A,Heliophila trifurca,2822BA,28.125,22.625,
A,Heliophila trifurca,2822CC,28.875,22.125,
A,Heliophila trifurca,2823AC,28.375,23.125,
A,Heliophila trifurca,2916BB,29.125,16.875,
A,Heliophila trifurca,2917BB,29.125,17.875,
A,Heliophila trifurca,2918BA,29.125,18.625,
A,Heliophila trifurca,2918BB,29.125,18.875,
A,Heliophila trifurca,2919AA,29.125,19.125,
A,Heliophila trifurca,2919AB,29.125,19.375,
A,Heliophila trifurca,2919BA,29.125,19.625,
A,Heliophila trifurca,2919BB,29.125,19.875,
A,Heliophila trifurca,2919BC,29.375,19.625,
A,Heliophila trifurca,2919DB,29.625,19.875,
A,Heliophila trifurca,2920DD,29.875,20.875,
A,Heliophila trifurca,2921AA,29.125,21.125,
A,Heliophila trifurca,2921AD,29.375,21.375,
A,Heliophila trifurca,2921BD,29.375,21.875,
A,Heliophila trifurca,2921DA,29.625,21.625,
A,Heliophila trifurca,2922DA,29.625,22.625,
A,Heliophila trifurca,2924BA,29.125,24.625,
A,Heliophila trifurca,3018BA,30.125,18.625,
A,Heliophila trifurca,3019BA,30.125,19.625,
A,Heliophila trifurca,3020AD,30.375,20.375,
A,Heliophila trifurca,3020DC,30.875,20.625,
A,Heliophila trifurca,3021AC,30.375,21.125,
A,Heliophila trifurca,3021BB,30.125,21.875,
A,Heliophila trifurca,3021BC,30.375,21.625,
A,Heliophila trifurca,3021BD,30.375,21.875,
A,Heliophila trifurca,3022BC,30.375,22.625,
A,Heliophila trifurca,3023CC,30.875,23.125,
A,Heliophila trifurca,3025AA,30.125,25.125,
A,Heliophila trifurca,3118BC,31.375,18.625,
A,Heliophila trifurca,3119BB,31.125,19.875,
A,Heliophila trifurca,3119DB,31.625,19.875,
A,Heliophila trifurca,3119DD,31.875,19.875,
A,Heliophila trifurca,3120AB,31.125,20.375,
A,Heliophila trifurca,3120AD,31.375,20.375,
A,Heliophila trifurca,3120BD,31.375,20.875,
A,Heliophila trifurca,3120CB,31.625,20.375,
A,Heliophila trifurca,3121AA,31.125,21.125,
A,Heliophila trifurca,3121AC,31.375,21.125,
A,Heliophila trifurca,3121BC,31.375,21.625,
A,Heliophila trifurca,3121DB,31.625,21.875,
A,Heliophila trifurca,3122AD,31.375,22.375,
A,Heliophila trifurca,3122CA,31.625,22.125,
A,Heliophila trifurca,3122DB,31.625,22.875,
A,Heliophila trifurca,3122DD,31.875,22.875,
A,Heliophila trifurca,3123AC,31.375,23.125,
A,Heliophila trifurca,3124AD,31.375,24.375,
A,Heliophila trifurca,3219AA,32.125,19.125,
A,Heliophila trifurca,3219BB,32.125,19.875,
A,Heliophila trifurca,3220BB,32.125,20.875,
A,Heliophila trifurca,3220DC,32.875,20.625,
A,Heliophila trifurca,3221BA,32.125,21.625,
A,Heliophila trifurca,3221BB,32.125,21.875,
A,Heliophila trifurca,3221DB,32.625,21.875,
A,Heliophila trifurca,3221DC,32.875,21.625,
A,Heliophila trifurca,3222AD,32.375,22.375,
A,Heliophila trifurca,3222CC,32.875,22.125,
A,Heliophila trifurca,3223BB,32.125,23.875,
A,Heliophila trifurca,3320BA,33.125,20.625,
A,Heliophila trifurca,3320CB,33.625,20.375,
A,Heliophila trifurca,3321AB,33.125,21.375,
A,Heliophila trifurca,3321BA,33.125,21.625,
P,Heliophila tulbaghensis,3319DD,33.875,19.875,
A,Heliophila variabilis,2816BB,28.125,16.875,
A,Heliophila variabilis,2816BD,28.375,16.875,
A,Heliophila variabilis,2816DB,28.625,16.875,
A,Heliophila variabilis,2816DD,28.875,16.875,
A,Heliophila variabilis,2817AA,28.125,17.125,
A,Heliophila variabilis,2817AC,28.375,17.125,
A,Heliophila variabilis,2817CA,28.625,17.125,
A,Heliophila variabilis,2817CB,28.625,17.375,
A,Heliophila variabilis,2817CC,28.875,17.125,
A,Heliophila variabilis,2817CD,28.875,17.375,
A,Heliophila variabilis,2817DC,28.875,17.625,
A,Heliophila variabilis,2818CD,28.875,18.375,
A,Heliophila variabilis,2917AA,29.125,17.125,
A,Heliophila variabilis,2917AB,29.125,17.375,
A,Heliophila variabilis,2917AC,29.375,17.125,
A,Heliophila variabilis,2917BA,29.125,17.625,
A,Heliophila variabilis,2917BB,29.125,17.875,
A,Heliophila variabilis,2917BC,29.375,17.625,
A,Heliophila variabilis,2917BD,29.375,17.875,
A,Heliophila variabilis,2917DA,29.625,17.625,
A,Heliophila variabilis,2917DB,29.625,17.875,
A,Heliophila variabilis,2917DC,29.875,17.625,
A,Heliophila variabilis,2917DD,29.875,17.875,
A,Heliophila variabilis,3017AB,30.125,17.375,
A,Heliophila variabilis,3017AD,30.375,17.375,
A,Heliophila variabilis,3017BA,30.125,17.625,
A,Heliophila variabilis,3017BB,30.125,17.875,
A,Heliophila variabilis,3017BD,30.375,17.875,
A,Heliophila variabilis,3017DA,30.625,17.625,
A,Heliophila variabilis,3017DB,30.625,17.875,
A,Heliophila variabilis,3018AC,30.375,18.125,
A,Heliophila variabilis,3018BA,30.125,18.625,
A,Heliophila variabilis,3018BC,30.375,18.625,
A,Heliophila variabilis,3018DA,30.625,18.625,
A,Heliophila variabilis,3018DD,30.875,18.875,
A,Heliophila variabilis,3019CD,30.875,19.375,
A,Heliophila variabilis,3020DB,30.625,20.875,
A,Heliophila variabilis,3118AB,31.125,18.375,
A,Heliophila variabilis,3118AD,31.375,18.375,
A,Heliophila variabilis,3118BA,31.125,18.625,
A,Heliophila variabilis,3118BB,31.125,18.875,
A,Heliophila variabilis,3118BC,31.375,18.625,
A,Heliophila variabilis,3118DA,31.625,18.625,
A,Heliophila variabilis,3118DB,31.625,18.875,
A,Heliophila variabilis,3118DC,31.875,18.625,
A,Heliophila variabilis,3119AB,31.125,19.375,
A,Heliophila variabilis,3119AC,31.375,19.125,
A,Heliophila variabilis,3119AD,31.375,19.375,
A,Heliophila variabilis,3119BB,31.125,19.875,
A,Heliophila variabilis,3119DB,31.625,19.875,
A,Heliophila variabilis,3119DC,31.875,19.625,
A,Heliophila variabilis,3125AC,31.375,25.125,
A,Heliophila variabilis,3218BB,32.125,18.875,
A,Heliophila variabilis,3218BD,32.375,18.875,
A,Heliophila variabilis,3218DB,32.625,18.875,
A,Heliophila variabilis,3218DC,32.875,18.625,
A,Heliophila variabilis,3219DC,32.875,19.625,
A,Heliophila variabilis,3220AC,32.375,20.125,
A,Heliophila variabilis,3220DD,32.875,20.875,
A,Heliophila variabilis,3319AD,33.375,19.375,
A,Heliophila variabilis,3319CB,33.625,19.375,
A,Heliophila variabilis,3320BC,33.375,20.625,
A,Heliophila variabilis,3324AA,33.125,24.125,
,,,,,
,,,,,
,,,,,